firstName,lastName,latitude,longitude,state,Service Aid
Jessika,Leuschke,26.3583,-80.0833,Florida,Water
Emma,Kassulke,26.3583,-80.0833,Florida,Water
Jarret,Swaniawski,26.3583,-80.0833,Florida,Water
Delilah,Gleason,26.3583,-80.0833,Florida,Water
Ferne,Feil,26.3583,-80.0833,Florida,Water
Allene,Beer,26.3583,-80.0833,Florida,Water
Clara,Dicki,26.3583,-80.0833,Florida,Water
Sydnie,Reynolds,26.3583,-80.0833,Florida,Water
Georgianna,Christiansen,26.3583,-80.0833,Florida,Water
Andres,Gulgowski,26.3583,-80.0833,Florida,Water
Tressie,Williamson,26.3583,-80.0833,Florida,Water
Christiana,Stokes,26.3583,-80.0833,Florida,Water
Alberto,Lebsack,26.3583,-80.0833,Florida,Water
Miller,Jaskolski,26.3583,-80.0833,Florida,Water
Joannie,Cronin,26.3583,-80.0833,Florida,Water
Deborah,Herzog,26.3583,-80.0833,Florida,Water
Everette,Purdy,26.3583,-80.0833,Florida,Water
Jany,Rath,26.3583,-80.0833,Florida,Water
Chesley,Shanahan,26.3583,-80.0833,Florida,Water
Arno,Wisoky,26.3583,-80.0833,Florida,Water
Nat,Mante,26.3583,-80.0833,Florida,Water
Sadye,Franecki,26.3583,-80.0833,Florida,Water
Delbert,Hayes,26.3583,-80.0833,Florida,Water
Eugenia,O'Reilly,26.3583,-80.0833,Florida,Water
Ramona,Ankunding,26.3583,-80.0833,Florida,Water
Rebecca,Ledner,26.3583,-80.0833,Florida,Water
Maryse,Lindgren,26.3583,-80.0833,Florida,Water
Nicholas,Runte,26.3583,-80.0833,Florida,Water
Alyson,Shanahan,26.3583,-80.0833,Florida,Water
Tyson,Crona,26.3583,-80.0833,Florida,Water
Mayra,Fay,26.3583,-80.0833,Florida,Water
Neal,Wiegand,26.3583,-80.0833,Florida,Water
Ova,Rohan,26.3583,-80.0833,Florida,Water
Otilia,Kovacek,26.3583,-80.0833,Florida,Food
Luna,Hilpert,26.3583,-80.0833,Florida,Food
Adeline,Lemke,26.3583,-80.0833,Florida,Food
Christy,O'Hara,26.3583,-80.0833,Florida,Food
Lyla,D'Amore,26.3583,-80.0833,Florida,Food
Korey,Zulauf,26.3583,-80.0833,Florida,Food
Camden,Grant,26.3583,-80.0833,Florida,Food
Lottie,Lindgren,26.3583,-80.0833,Florida,Food
Nick,Rogahn,26.3583,-80.0833,Florida,Food
Minerva,Boyer,26.3583,-80.0833,Florida,Food
Cooper,Feil,26.3583,-80.0833,Florida,Food
Maryam,Schmeler,26.3583,-80.0833,Florida,Food
Birdie,Kreiger,26.3583,-80.0833,Florida,Food
Tremaine,Kihn,26.3583,-80.0833,Florida,Food
Arne,Eichmann,26.3583,-80.0833,Florida,Food
Mustafa,Marks,26.3583,-80.0833,Florida,Food
Kellie,Pfannerstill,26.3583,-80.0833,Florida,Food
Keira,Turner,26.3583,-80.0833,Florida,Food
Samara,Emmerich,26.3583,-80.0833,Florida,Food
Shanel,Toy,26.3583,-80.0833,Florida,Food
Austyn,Collier,26.3583,-80.0833,Florida,Food
Jace,DuBuque,26.3583,-80.0833,Florida,Food
Edyth,Olson,26.3583,-80.0833,Florida,Food
Tyshawn,Gusikowski,26.3583,-80.0833,Florida,Food
Alba,Heathcote,26.3583,-80.0833,Florida,Food
Randall,Turner,26.3583,-80.0833,Florida,Food
Leda,Towne,26.3583,-80.0833,Florida,Food
Henriette,Streich,26.3583,-80.0833,Florida,Food
Celine,Mante,26.3583,-80.0833,Florida,Food
Tyreek,Kling,26.3583,-80.0833,Florida,Food
Aliyah,Daniel,26.3583,-80.0833,Florida,Food
Zelda,Hessel,26.3583,-80.0833,Florida,Food
Gertrude,Pfannerstill,26.3583,-80.0833,Florida,Food
Caden,Jacobson,26.3583,-80.0833,Florida,Food
Sam,Spinka,26.3583,-80.0833,Florida,Food
Reva,Harvey,26.3583,-80.0833,Florida,Food
Cheyanne,Gleichner,26.3583,-80.0833,Florida,Food
Rey,McDermott,26.3583,-80.0833,Florida,Food
Justen,Hackett,26.3583,-80.0833,Florida,Food
Alysson,Beatty,26.3583,-80.0833,Florida,Food
Javier,Hoeger,26.3583,-80.0833,Florida,Food
Seth,Davis,26.3583,-80.0833,Florida,Food
Chasity,Ondricka,26.3583,-80.0833,Florida,Food
Ansel,Haag,26.3583,-80.0833,Florida,Food
Name,Mann,26.3583,-80.0833,Florida,Food
Jonas,Skiles,26.3583,-80.0833,Florida,Food
Lempi,Stamm,26.3583,-80.0833,Florida,Food
Phoebe,Hessel,26.3583,-80.0833,Florida,Food
Carley,Ankunding,26.3583,-80.0833,Florida,Food
Ruthe,Dach,26.3583,-80.0833,Florida,Food
Marquis,Ruecker,26.3583,-80.0833,Florida,Food
Easter,Cole,26.3583,-80.0833,Florida,Food
Green,Hermann,26.3583,-80.0833,Florida,Food
Casper,Streich,26.3583,-80.0833,Florida,Food
Jarrett,Osinski,26.3583,-80.0833,Florida,Food
Estel,Langworth,26.3583,-80.0833,Florida,Food
Rahul,Kerluke,26.3583,-80.0833,Florida,Food
Jacklyn,Brakus,26.3583,-80.0833,Florida,Food
Lorenza,Cole,26.3583,-80.0833,Florida,Food
Evangeline,Renner,26.3583,-80.0833,Florida,Food
Pablo,Quitzon,26.3583,-80.0833,Florida,Food
Antonina,Botsford,26.3583,-80.0833,Florida,Food
Hulda,Adams,26.3583,-80.0833,Florida,Food
Eloisa,Gusikowski,26.3583,-80.0833,Florida,Food
Else,Larson,26.3583,-80.0833,Florida,Food
Lauren,Stiedemann,26.3583,-80.0833,Florida,Food
Luella,Ritchie,26.3583,-80.0833,Florida,Food
Angelina,Hane,26.3583,-80.0833,Florida,Food
Katrine,Wyman,26.3583,-80.0833,Florida,Food
Brooke,Bauch,26.3583,-80.0833,Florida,Food
Leonel,Gottlieb,26.3583,-80.0833,Florida,Food
Belle,Crooks,26.3583,-80.0833,Florida,Food
Milo,Gaylord,26.3583,-80.0833,Florida,Food
Avery,Raynor,26.3583,-80.0833,Florida,Food
Marcelina,Goyette,26.3583,-80.0833,Florida,Food
Ebba,Wilderman,26.3583,-80.0833,Florida,Food
Cade,Littel,26.3583,-80.0833,Florida,Food
Joany,Olson,26.3583,-80.0833,Florida,Food
Victoria,Torp,26.3583,-80.0833,Florida,Food
Vicente,Heathcote,26.3583,-80.0833,Florida,Food
Maribel,Bernier,26.3583,-80.0833,Florida,Food
Solon,Gerlach,26.3583,-80.0833,Florida,Food
Sophie,O'Hara,26.3583,-80.0833,Florida,Food
Nicolette,Wisozk,26.3583,-80.0833,Florida,Food
Shawn,Jerde,26.3583,-80.0833,Florida,Food
Henri,Reinger,26.3583,-80.0833,Florida,Food
Eula,Langworth,26.3583,-80.0833,Florida,Food
Charlotte,Gibson,26.3583,-80.0833,Florida,Food
Valentina,Rohan,26.3583,-80.0833,Florida,Food
Nadia,Corkery,26.3583,-80.0833,Florida,Food
Yessenia,Stanton,26.3583,-80.0833,Florida,Food
Jacinthe,Christiansen,26.3583,-80.0833,Florida,First Aid
Arch,Stracke,26.3583,-80.0833,Florida,First Aid
Lois,Gerhold,26.3583,-80.0833,Florida,First Aid
Bessie,Boyer,26.3583,-80.0833,Florida,First Aid
Emerson,Kuphal,26.3583,-80.0833,Florida,First Aid
Sabrina,Labadie,26.3583,-80.0833,Florida,First Aid
King,Stanton,26.3583,-80.0833,Florida,First Aid
Jessyca,Schmidt,26.3583,-80.0833,Florida,First Aid
Ernestine,Swift,26.3583,-80.0833,Florida,First Aid
Caterina,Kutch,26.3583,-80.0833,Florida,First Aid
Aubree,Thiel,26.3583,-80.0833,Florida,First Aid
Natasha,Cummings,26.3583,-80.0833,Florida,First Aid
Hans,Runolfsdottir,26.3583,-80.0833,Florida,First Aid
Gennaro,Reichert,26.3583,-80.0833,Florida,First Aid
Melyssa,Moore,26.3583,-80.0833,Florida,First Aid
Maude,Carter,26.3583,-80.0833,Florida,First Aid
Lucie,Schoen,26.3583,-80.0833,Florida,First Aid
Bill,Veum,26.3583,-80.0833,Florida,First Aid
Ola,Walker,26.3583,-80.0833,Florida,First Aid
Vince,Morissette,26.3583,-80.0833,Florida,First Aid
Kraig,Balistreri,26.3583,-80.0833,Florida,First Aid
Jarrett,Bogan,26.3583,-80.0833,Florida,First Aid
Madelyn,Stamm,26.3583,-80.0833,Florida,First Aid
Estefania,Hegmann,26.3583,-80.0833,Florida,First Aid
Quinn,Murphy,26.3583,-80.0833,Florida,First Aid
Imelda,Wehner,26.3583,-80.0833,Florida,First Aid
Bennett,Schuster,26.3583,-80.0833,Florida,First Aid
Marguerite,Kling,26.3583,-80.0833,Florida,First Aid
Ebba,Lockman,26.3583,-80.0833,Florida,First Aid
Rosella,Braun,26.3583,-80.0833,Florida,First Aid
Nyasia,DuBuque,26.3583,-80.0833,Florida,First Aid
Jayden,Streich,26.3583,-80.0833,Florida,First Aid
Ryann,Wisoky,26.3583,-80.0833,Florida,First Aid
Camren,Ruecker,26.3583,-80.0833,Florida,First Aid
Lee,Ruecker,26.3583,-80.0833,Florida,First Aid
Vernice,Homenick,26.3583,-80.0833,Florida,First Aid
Delpha,Greenholt,26.3583,-80.0833,Florida,First Aid
America,Ziemann,26.3583,-80.0833,Florida,Shelter Directions 
Liza,Schmitt,26.3583,-80.0833,Florida,Shelter Directions 
Darrin,Bayer,26.3583,-80.0833,Florida,Shelter Directions 
Hollie,Bergstrom,26.3583,-80.0833,Florida,Shelter Directions 
Boyd,Parker,26.3583,-80.0833,Florida,Shelter Directions 
Margaret,Jones,26.3583,-80.0833,Florida,Shelter Directions 
Eloy,Waters,26.3583,-80.0833,Florida,Shelter Directions 
Elda,Sporer,26.3583,-80.0833,Florida,Shelter Directions 
Heaven,Price,26.3583,-80.0833,Florida,Shelter Directions 
Carolina,Reynolds,26.3583,-80.0833,Florida,Shelter Directions 
Rebecca,Wisozk,26.3583,-80.0833,Florida,Shelter Directions 
Vivianne,Reynolds,26.3583,-80.0833,Florida,Shelter Directions 
Vernie,Volkman,26.3583,-80.0833,Florida,Shelter Directions 
Hal,Murazik,26.3583,-80.0833,Florida,Shelter Directions 
Vivian,Denesik,26.3583,-80.0833,Florida,Shelter Directions 
Vivien,Emard,26.3583,-80.0833,Florida,Shelter Directions 
Remington,Grant,26.3583,-80.0833,Florida,Shelter Directions 
Desiree,Grady,26.3583,-80.0833,Florida,Shelter Directions 
Missouri,Ziemann,26.3583,-80.0833,Florida,Shelter Directions 
Marilou,Kiehn,26.3583,-80.0833,Florida,Shelter Directions 
Stefanie,Bartoletti,26.3583,-80.0833,Florida,Shelter Directions 
Damian,Brakus,26.3583,-80.0833,Florida,Shelter Directions 
Fatima,Ledner,26.3583,-80.0833,Florida,Shelter Directions 
Tatum,Abernathy,26.3583,-80.0833,Florida,Shelter Directions 
Ebony,Metz,26.3583,-80.0833,Florida,Shelter Directions 
Noah,Frami,26.3583,-80.0833,Florida,Shelter Directions 
Emile,Heidenreich,26.3583,-80.0833,Florida,Shelter Directions 
Jarrett,Harvey,26.3583,-80.0833,Florida,Shelter Directions 
Matilde,Borer,26.3583,-80.0833,Florida,Shelter Directions 
Federico,Wunsch,26.3583,-80.0833,Florida,Shelter Directions 
Susana,Feest,26.3583,-80.0833,Florida,Shelter Directions 
Xzavier,White,26.3583,-80.0833,Florida,Shelter Directions 
Stacy,Morissette,26.3583,-80.0833,Florida,Shelter Directions 
Porter,Rippin,26.3583,-80.0833,Florida,Shelter Directions 
Mathilde,Pacocha,26.3583,-80.0833,Florida,Shelter Directions 
Viviane,Stracke,26.3583,-80.0833,Florida,Shelter Directions 
Jackson,Dare,26.3583,-80.0833,Florida,Shelter Directions 
Heber,Pagac,26.3583,-80.0833,Florida,Shelter Directions 
Ricardo,Greenfelder,26.3583,-80.0833,Florida,Shelter Directions 
